{"benchmark": "pyperf_bm_go", "repeat": 3, "number": 20, "measures": [8.071981641000093, 8.07467461700071, 8.081424011999843]}