{"benchmark": "pyperf_bm_go", "repeat": 3, "number": 20, "measures": [8.191096167999603, 8.162444257999596, 8.157285663999573]}