{"benchmark": "pyperf_bm_go", "repeat": 3, "number": 20, "measures": [8.170553711000139, 8.15704162899965, 8.143785248999848]}