{"benchmark": "pyperf_bm_go", "repeat": 3, "number": 20, "measures": [8.146735577000072, 8.10883221899985, 8.103276294999887]}