{"benchmark": "pyperf_bm_go", "repeat": 3, "number": 20, "measures": [8.046686843000316, 8.032344771999306, 8.04922194699975]}