{"benchmark": "pyperf_bm_go", "repeat": 3, "number": 20, "measures": [8.17433685100059, 8.153160953000224, 8.151881662999585]}