{"benchmark": "pyperf_bm_go", "repeat": 3, "number": 20, "measures": [8.096733181000673, 8.04957400999956, 8.05639587099995]}