{"benchmark": "pyperf_bm_go", "repeat": 3, "number": 20, "measures": [8.130582074999438, 8.130720882999412, 8.115339798000605]}