{"benchmark": "pyperf_bm_go", "repeat": 3, "number": 20, "measures": [8.066753094999513, 8.049908598000002, 8.05088508299923]}