{"benchmark": "pyperf_bm_go", "repeat": 3, "number": 20, "measures": [8.18597777099967, 8.163798343000053, 8.138167695999982]}