{"benchmark": "pyperf_bm_go", "repeat": 3, "number": 20, "measures": [8.064311998999983, 8.05598854100026, 8.064070254999933]}