{"benchmark": "pyperf_bm_go", "repeat": 3, "number": 20, "measures": [8.177325779999592, 8.158981784999924, 8.177086470000177]}