{"benchmark": "pyperf_bm_go", "repeat": 3, "number": 20, "measures": [8.057282888999907, 8.041284074000032, 8.033570908000002]}