{"benchmark": "pyperf_bm_go", "repeat": 3, "number": 20, "measures": [8.137220012000398, 8.123222851999344, 8.10496847000013]}