{"benchmark": "pyperf_bm_go", "repeat": 3, "number": 20, "measures": [8.046089903999928, 8.031825117000153, 8.037351378000494]}