{"benchmark": "pyperf_bm_go", "repeat": 3, "number": 20, "measures": [8.110664961000111, 8.108143845000086, 8.109208829999261]}