{"benchmark": "pyperf_bm_go", "repeat": 3, "number": 20, "measures": [8.113083285000357, 8.108998087000145, 8.103554697999243]}