{"benchmark": "pyperf_bm_go", "repeat": 3, "number": 20, "measures": [8.113159448999795, 8.10437273900061, 8.1040994089999]}