{"benchmark": "pyperf_bm_go", "repeat": 3, "number": 20, "measures": [8.313433733000238, 8.297658308999416, 8.262386243000037]}