{"benchmark": "pyperf_bm_go", "repeat": 3, "number": 20, "measures": [8.069863028000327, 8.061973187000149, 8.065411958999903]}