{"benchmark": "pyperf_bm_go", "repeat": 3, "number": 20, "measures": [8.074017654999807, 8.054274507999253, 8.059985501000483]}