{"benchmark": "pyperf_bm_go", "repeat": 3, "number": 20, "measures": [8.155375714000002, 8.155768036000154, 8.144547609000256]}