{"benchmark": "pyperf_bm_go", "repeat": 3, "number": 20, "measures": [8.124080865999531, 8.121410981999361, 8.126573358000314]}