{"benchmark": "pyperf_bm_go", "repeat": 3, "number": 20, "measures": [8.100378768000155, 8.073356849999982, 8.14581206999992]}