{"benchmark": "pyperf_bm_go", "repeat": 3, "number": 20, "measures": [8.135545008000008, 8.141965172999335, 8.125115476999781]}