{"benchmark": "pyperf_bm_go", "repeat": 3, "number": 20, "measures": [8.059471186999872, 8.05740824700024, 8.06600944999991]}