{"benchmark": "pyperf_bm_go", "repeat": 3, "number": 20, "measures": [8.068292256999484, 8.05874262099951, 8.077461517000302]}