{"benchmark": "pyperf_bm_go", "repeat": 3, "number": 20, "measures": [8.192351616999986, 8.186190894999527, 8.182216739000069]}