{"benchmark": "pyperf_bm_go", "repeat": 3, "number": 20, "measures": [8.107684386999608, 8.069028828000228, 8.081028913999944]}