{"benchmark": "pyperf_bm_go", "repeat": 3, "number": 20, "measures": [8.111946803999672, 8.094789263000166, 8.100433134999548]}