{"benchmark": "pyperf_bm_go", "repeat": 3, "number": 20, "measures": [8.131646923000517, 8.121820067999579, 8.121316091999688]}