{"benchmark": "pyperf_bm_go", "repeat": 3, "number": 20, "measures": [8.152802951000012, 8.125110291000055, 8.14193694900041]}