{"benchmark": "pyperf_bm_go", "repeat": 3, "number": 20, "measures": [8.093571515999429, 8.100395516999924, 8.123482397999396]}