{"benchmark": "pyperf_bm_go", "repeat": 3, "number": 20, "measures": [8.13763700599975, 8.118048500999976, 8.136172290999639]}