{"benchmark": "pyperf_bm_go", "repeat": 3, "number": 20, "measures": [8.110724115000266, 8.117348427000252, 8.111214335999648]}