{"benchmark": "pyperf_bm_go", "repeat": 3, "number": 20, "measures": [8.074908093999511, 8.079787820000092, 8.07794923199981]}