{"benchmark": "pyperf_bm_go", "repeat": 3, "number": 20, "measures": [8.049448038999799, 8.048098477999702, 8.047598316000403]}