{"benchmark": "pyperf_bm_go", "repeat": 3, "number": 20, "measures": [8.081439761999718, 8.062189231000048, 8.084226363000198]}