{"benchmark": "pyperf_bm_go", "repeat": 3, "number": 20, "measures": [8.119614556999295, 8.104064062999896, 8.108391261000179]}