{"benchmark": "pyperf_bm_go", "repeat": 3, "number": 20, "measures": [8.068750614999772, 8.0848173710001, 8.057256327999312]}