{"benchmark": "pyperf_bm_go", "repeat": 3, "number": 20, "measures": [8.106932056000005, 8.092838872999891, 8.099707033999948]}