{"benchmark": "pyperf_bm_go", "repeat": 3, "number": 20, "measures": [8.15074094099964, 8.134613532000003, 8.136843838999994]}