{"benchmark": "pyperf_bm_go", "repeat": 3, "number": 20, "measures": [8.127491322000424, 8.142608674999792, 8.1289156189996]}