{"benchmark": "pyperf_bm_go", "repeat": 3, "number": 20, "measures": [8.087948865000726, 8.089170938999814, 8.100618681000014]}