{"benchmark": "pyperf_bm_go", "repeat": 3, "number": 20, "measures": [8.075176213000304, 8.033063913999285, 8.032742334999966]}