{"benchmark": "pyperf_bm_go", "repeat": 3, "number": 20, "measures": [8.082219914000234, 8.068259223000496, 8.082645862999925]}