{"benchmark": "pyperf_bm_go", "repeat": 3, "number": 20, "measures": [8.098917141999664, 8.086776874999487, 8.080620935999832]}