{"benchmark": "pyperf_bm_go", "repeat": 3, "number": 20, "measures": [8.103248942999926, 8.079974315000072, 8.077792821999537]}