{"benchmark": "pyperf_bm_go", "repeat": 3, "number": 20, "measures": [8.053559109000162, 8.060119904999738, 8.060792350000156]}