{"benchmark": "pyperf_bm_go", "repeat": 3, "number": 20, "measures": [8.067888935000155, 8.052725880000253, 8.050472660000196]}