{"benchmark": "pyperf_bm_go", "repeat": 3, "number": 20, "measures": [8.072554651000246, 8.075639712999873, 8.06790070399984]}