{"benchmark": "pyperf_bm_go", "repeat": 3, "number": 20, "measures": [8.107848904000093, 8.094346560000304, 8.096650226999373]}