{"benchmark": "pyperf_bm_go", "repeat": 3, "number": 20, "measures": [8.077663172999564, 8.060326474999783, 8.07978731700041]}