{"benchmark": "pyperf_bm_go", "repeat": 3, "number": 20, "measures": [8.166202434000297, 8.16897294699993, 8.199377249999998]}