{"benchmark": "pyperf_bm_go", "repeat": 3, "number": 20, "measures": [8.082812372000262, 8.075197144999947, 8.0774382590007]}