{"benchmark": "pyperf_bm_go", "repeat": 3, "number": 20, "measures": [8.057564198999899, 8.060300277000351, 8.049581276999561]}