{"benchmark": "pyperf_bm_go", "repeat": 3, "number": 20, "measures": [8.093837405999693, 8.064332058999753, 8.118069463999745]}