{"benchmark": "pyperf_bm_go", "repeat": 3, "number": 20, "measures": [8.09654016100012, 8.068082008000601, 8.08207915499952]}