{"benchmark": "pyperf_bm_go", "repeat": 3, "number": 20, "measures": [8.129847313000027, 8.107756738000717, 8.112527799000418]}