{"benchmark": "pyperf_bm_go", "repeat": 3, "number": 20, "measures": [8.172286973000155, 8.15726456900029, 8.149374460000217]}