{"benchmark": "pyperf_bm_go", "repeat": 3, "number": 20, "measures": [8.075088187999427, 8.05003713699989, 8.072140466999372]}