{"benchmark": "pyperf_bm_go", "repeat": 3, "number": 20, "measures": [8.123664358000497, 8.121344460999353, 8.121092157000021]}