{"benchmark": "pyperf_bm_go", "repeat": 3, "number": 20, "measures": [8.240529185000014, 8.216371004999928, 8.242813756000032]}