{"benchmark": "pyperf_bm_go", "repeat": 3, "number": 20, "measures": [8.150250803000745, 8.155448761000116, 8.167369839999992]}