{"benchmark": "pyperf_bm_go", "repeat": 3, "number": 20, "measures": [8.210972210999898, 8.19642279100026, 8.193265613000221]}