{"benchmark": "pyperf_bm_go", "repeat": 3, "number": 20, "measures": [8.068063876000451, 8.062859504999324, 8.057344042000295]}