{"benchmark": "pyperf_bm_go", "repeat": 3, "number": 20, "measures": [8.070768372999737, 8.067166128999816, 8.083089058000041]}