{"benchmark": "pyperf_bm_go", "repeat": 3, "number": 20, "measures": [8.109222444000807, 8.10462708399973, 8.11580256400066]}