{"benchmark": "pyperf_bm_go", "repeat": 3, "number": 20, "measures": [8.096882470999844, 8.070107208999616, 8.07362092600033]}