{"benchmark": "pyperf_bm_go", "repeat": 3, "number": 20, "measures": [8.068041638999603, 8.056126751000193, 8.070485987000211]}