{"benchmark": "pyperf_bm_go", "repeat": 3, "number": 20, "measures": [8.192103884999597, 8.177711983000336, 8.18248611800027]}