{"benchmark": "pyperf_bm_go", "repeat": 3, "number": 20, "measures": [8.1914811380002, 8.189942861999953, 8.189733220999187]}