{"benchmark": "pyperf_bm_go", "repeat": 3, "number": 20, "measures": [8.09129342200049, 8.098037466000278, 8.110579770000186]}