{"benchmark": "pyperf_bm_go", "repeat": 3, "number": 20, "measures": [8.121567671000776, 8.114033298999857, 8.114194988000236]}