{"benchmark": "pyperf_bm_go", "repeat": 3, "number": 20, "measures": [8.10891446900041, 8.095229294000092, 8.09990839099919]}