{"benchmark": "pyperf_bm_go", "repeat": 3, "number": 20, "measures": [8.053234917000736, 8.051685368999642, 8.043598193000435]}