{"benchmark": "pyperf_bm_go", "repeat": 3, "number": 20, "measures": [8.035618528000668, 8.02272797400019, 8.02881517700007]}