{"benchmark": "pyperf_bm_go", "repeat": 3, "number": 20, "measures": [8.089580187999672, 8.078760879000583, 8.073538224000004]}