{"benchmark": "pyperf_bm_go", "repeat": 3, "number": 20, "measures": [8.102023796999674, 8.087345407000612, 8.08694734600067]}