{"benchmark": "pyperf_bm_go", "repeat": 3, "number": 20, "measures": [8.0522398410003, 8.062989582999762, 8.05890840199936]}