{"benchmark": "pyperf_bm_go", "repeat": 3, "number": 20, "measures": [8.16760102400076, 8.144451759999356, 8.151979057000062]}