{"benchmark": "pyperf_bm_go", "repeat": 3, "number": 20, "measures": [8.035487246999764, 8.021509084000172, 8.024485126999934]}