{"benchmark": "pyperf_bm_go", "repeat": 3, "number": 20, "measures": [8.192424398000185, 8.180814233000092, 8.177110865000031]}