{"benchmark": "pyperf_bm_go", "repeat": 3, "number": 20, "measures": [8.065589743999226, 8.052956847999667, 8.059788305999973]}