{"benchmark": "pyperf_bm_go", "repeat": 3, "number": 20, "measures": [8.101000801000737, 8.073130778999257, 8.090204694000022]}