{"benchmark": "pyperf_bm_go", "repeat": 3, "number": 20, "measures": [8.098652958000457, 8.080355227000837, 8.139394181999705]}