{"benchmark": "pyperf_bm_go", "repeat": 3, "number": 20, "measures": [8.154347312999562, 8.12508376400001, 8.127179895999689]}