{"benchmark": "pyperf_bm_go", "repeat": 3, "number": 20, "measures": [8.048722278999776, 8.045334874999753, 8.063244620999285]}