{"benchmark": "pyperf_bm_go", "repeat": 3, "number": 20, "measures": [8.074647289000495, 8.043412400999841, 8.09220864100007]}