{"benchmark": "pyperf_bm_go", "repeat": 3, "number": 20, "measures": [8.137616096999409, 8.125558077999813, 8.14536383199993]}