{"benchmark": "pyperf_bm_go", "repeat": 3, "number": 20, "measures": [8.137024235000354, 8.125988122000308, 8.131784141000026]}