{"benchmark": "pyperf_bm_go", "repeat": 3, "number": 20, "measures": [8.064877050999712, 8.05331335899973, 8.0748958209997]}