{"benchmark": "pyperf_bm_go", "repeat": 3, "number": 20, "measures": [8.06940928199947, 8.061003012000583, 8.07375242299986]}