{"benchmark": "pyperf_bm_go", "repeat": 3, "number": 20, "measures": [8.12661850600034, 8.105738086000201, 8.126292500999625]}