{"benchmark": "pyperf_bm_go", "repeat": 3, "number": 20, "measures": [8.046530106999853, 8.047951393000403, 8.05357345199991]}