{"benchmark": "pyperf_bm_go", "repeat": 3, "number": 20, "measures": [8.156904798000141, 8.17006117999972, 8.148165455000708]}