{"benchmark": "pyperf_bm_go", "repeat": 3, "number": 20, "measures": [8.1311942680004, 8.099029934999635, 8.110902802000055]}