{"benchmark": "pyperf_bm_go", "repeat": 3, "number": 20, "measures": [8.084106368999528, 8.06123826899966, 8.067220791999716]}