{"benchmark": "pyperf_bm_go", "repeat": 3, "number": 20, "measures": [8.129543422999632, 8.11546049899971, 8.125605945999268]}