{"benchmark": "pyperf_bm_go", "repeat": 3, "number": 20, "measures": [8.153614276000553, 8.152944554999522, 8.133812163000584]}