{"benchmark": "pyperf_bm_go", "repeat": 3, "number": 20, "measures": [8.118113380000068, 8.0948026140004, 8.093455162999817]}