{"benchmark": "pyperf_bm_go", "repeat": 3, "number": 20, "measures": [8.178212181000163, 8.143882261000726, 8.164824459000556]}