{"benchmark": "pyperf_bm_go", "repeat": 3, "number": 20, "measures": [8.060520564999933, 8.043075819000478, 8.103982806000204]}