{"benchmark": "pyperf_bm_go", "repeat": 3, "number": 20, "measures": [8.179187175000152, 8.169265092000387, 8.163129978999677]}