{"benchmark": "pyperf_bm_go", "repeat": 3, "number": 20, "measures": [8.038057190000472, 8.025340244999825, 8.020241786999577]}