{"benchmark": "pyperf_bm_go", "repeat": 3, "number": 20, "measures": [8.074669597999673, 8.093057678999685, 8.066756156999872]}