{"benchmark": "pyperf_bm_go", "repeat": 3, "number": 20, "measures": [8.148235515000124, 8.120644485999946, 8.116273343000103]}