{"benchmark": "pyperf_bm_go", "repeat": 3, "number": 20, "measures": [8.088562072999594, 8.088395526000568, 8.073505487999682]}