{"benchmark": "pyperf_bm_go", "repeat": 3, "number": 20, "measures": [8.076570457000344, 8.053003906000413, 8.074144554000668]}