{"benchmark": "pyperf_bm_go", "repeat": 3, "number": 20, "measures": [8.31554120600049, 8.291637502999947, 8.275578528000551]}