{"benchmark": "pyperf_bm_go", "repeat": 3, "number": 20, "measures": [8.103886785999748, 8.090251393000472, 8.085062602999642]}