{"benchmark": "pyperf_bm_go", "repeat": 3, "number": 20, "measures": [8.099176959000033, 8.078537681999478, 8.094447708999724]}