{"benchmark": "pyperf_bm_go", "repeat": 3, "number": 20, "measures": [8.145605790000445, 8.106919577000554, 8.079421137999816]}