{"benchmark": "pyperf_bm_go", "repeat": 3, "number": 20, "measures": [8.152917175999391, 8.105220646999442, 8.125547550999727]}