{"benchmark": "pyperf_bm_go", "repeat": 3, "number": 20, "measures": [8.09227303300031, 8.065384736000851, 8.036277862000134]}