{"benchmark": "pyperf_bm_go", "repeat": 3, "number": 20, "measures": [8.106891185000677, 8.077366233000248, 8.095453996999822]}