{"benchmark": "pyperf_bm_go", "repeat": 3, "number": 20, "measures": [8.169134909000604, 8.150145452999823, 8.16645526800039]}