{"benchmark": "pyperf_bm_go", "repeat": 3, "number": 20, "measures": [8.12787867499992, 8.104728252999848, 8.112061808999897]}