{"benchmark": "pyperf_bm_go", "repeat": 3, "number": 20, "measures": [8.046506354000485, 8.043411589000243, 8.044297831999756]}