{"benchmark": "pyperf_bm_go", "repeat": 3, "number": 20, "measures": [8.034708541999862, 8.030628223000349, 8.042519513000116]}