{"benchmark": "pyperf_bm_go", "repeat": 3, "number": 20, "measures": [8.109581713999432, 8.111374266999519, 8.117124481999781]}