{"benchmark": "pyperf_bm_go", "repeat": 3, "number": 20, "measures": [8.210884588999761, 8.181188627000665, 8.196408542999961]}