{"benchmark": "pyperf_bm_go", "repeat": 3, "number": 20, "measures": [8.155410104000111, 8.134670757000094, 8.168077440999696]}