{"benchmark": "pyperf_bm_go", "repeat": 3, "number": 20, "measures": [8.12676674299928, 8.12263143600012, 8.085210941999321]}