{"benchmark": "pyperf_bm_go", "repeat": 3, "number": 20, "measures": [8.109413539999878, 8.097447737000039, 8.100868816999537]}