{"benchmark": "pyperf_bm_go", "repeat": 3, "number": 20, "measures": [8.11824913700002, 8.089327883999431, 8.094901545000539]}