{"benchmark": "pyperf_bm_go", "repeat": 3, "number": 20, "measures": [8.06010034100018, 8.054827224999826, 8.052540048000083]}