{"benchmark": "pyperf_bm_go", "repeat": 3, "number": 20, "measures": [8.037450716999956, 8.036634107999816, 8.03429729399977]}