{"benchmark": "pyperf_bm_go", "repeat": 3, "number": 20, "measures": [8.13714159600022, 8.12671959599993, 8.116351259000112]}