{"benchmark": "pyperf_bm_go", "repeat": 3, "number": 20, "measures": [8.087127136999698, 8.059410298999865, 8.051926555000136]}