{"benchmark": "pyperf_bm_go", "repeat": 3, "number": 20, "measures": [8.154514394999751, 8.151590112000122, 8.147151490999931]}