{"benchmark": "pyperf_bm_go", "repeat": 3, "number": 20, "measures": [8.110678236999775, 8.081679290000466, 8.094532637000157]}