{"benchmark": "pyperf_bm_go", "repeat": 3, "number": 20, "measures": [8.080203002000417, 8.072793050000655, 8.076511423000738]}