{"benchmark": "pyperf_bm_go", "repeat": 3, "number": 20, "measures": [8.14091241999995, 8.148160066000855, 8.143973373000335]}