{"benchmark": "pyperf_bm_go", "repeat": 3, "number": 20, "measures": [8.10259993300042, 8.08816915999978, 8.090613314999246]}