{"benchmark": "pyperf_bm_go", "repeat": 3, "number": 20, "measures": [8.096056876999683, 8.103455449000649, 8.06813359700027]}