{"benchmark": "pyperf_bm_go", "repeat": 3, "number": 20, "measures": [8.113985697999851, 8.107335551999313, 8.11253442799989]}