{"benchmark": "pyperf_bm_go", "repeat": 3, "number": 20, "measures": [8.084128027000588, 8.078020820999882, 8.065868622999915]}