{"benchmark": "pyperf_bm_go", "repeat": 3, "number": 20, "measures": [8.093972892999773, 8.089202276999458, 8.08607970400044]}