{"benchmark": "pyperf_bm_go", "repeat": 3, "number": 20, "measures": [8.157224611999482, 8.12126417699983, 8.110316666000472]}