{"benchmark": "pyperf_bm_go", "repeat": 3, "number": 20, "measures": [8.083268397999746, 8.086463458000253, 8.07314882099945]}