{"benchmark": "pyperf_bm_go", "repeat": 3, "number": 20, "measures": [8.142362743000376, 8.132065259000228, 8.128661749999992]}