{"benchmark": "pyperf_bm_go", "repeat": 3, "number": 20, "measures": [8.105157403999328, 8.099985205000849, 8.096153811000477]}