{"benchmark": "pyperf_bm_go", "repeat": 3, "number": 20, "measures": [8.167103249999855, 8.16697901400039, 8.187019969000175]}