{"benchmark": "pyperf_bm_go", "repeat": 3, "number": 20, "measures": [8.148789815000782, 8.100406321999799, 8.099008207000225]}