{"benchmark": "pyperf_bm_go", "repeat": 3, "number": 20, "measures": [8.09560647500075, 8.055250189999242, 8.062951362999229]}