{"benchmark": "pyperf_bm_go", "repeat": 3, "number": 20, "measures": [8.152097744000457, 8.162772928999402, 8.182690472999639]}