{"benchmark": "pyperf_bm_go", "repeat": 3, "number": 20, "measures": [8.095581419000155, 8.076918830000068, 8.0885262769998]}