{"benchmark": "pyperf_bm_go", "repeat": 3, "number": 20, "measures": [8.14151522100019, 8.117482939999718, 8.131327263999992]}