{"benchmark": "pyperf_bm_go", "repeat": 3, "number": 20, "measures": [8.177875146000588, 8.166510528999424, 8.183060542000021]}