{"benchmark": "pyperf_bm_go", "repeat": 3, "number": 20, "measures": [8.138612121000733, 8.102300341000046, 8.114007846999812]}