{"benchmark": "pyperf_bm_go", "repeat": 3, "number": 20, "measures": [8.129416302000209, 8.098944772000323, 8.116443451999658]}