{"benchmark": "pyperf_bm_go", "repeat": 3, "number": 20, "measures": [8.066038836999724, 8.044174444000419, 8.055697288000374]}