{"benchmark": "pyperf_bm_go", "repeat": 3, "number": 20, "measures": [8.070344488000046, 8.049177485000655, 8.058857348999481]}