{"benchmark": "pyperf_bm_go", "repeat": 3, "number": 20, "measures": [8.127362283000366, 8.151682180000535, 8.127797029999783]}