{"benchmark": "pyperf_bm_go", "repeat": 3, "number": 20, "measures": [8.100143418999323, 8.08533685600014, 8.100609822000479]}