{"benchmark": "pyperf_bm_go", "repeat": 3, "number": 20, "measures": [8.237468541999988, 8.214971291999973, 8.324516355000014]}