{"benchmark": "pyperf_bm_go", "repeat": 3, "number": 20, "measures": [8.180888072000016, 8.16675443799977, 8.153193990000545]}