{"benchmark": "pyperf_bm_go", "repeat": 3, "number": 20, "measures": [8.095591815999796, 8.095702354000423, 8.104708055000629]}