{"benchmark": "pyperf_bm_go", "repeat": 3, "number": 20, "measures": [8.11002487099995, 8.09130852599992, 8.09458890499991]}