{"benchmark": "pyperf_bm_go", "repeat": 3, "number": 20, "measures": [8.089785305000078, 8.070340621000469, 8.068298582000352]}