{"benchmark": "pyperf_bm_go", "repeat": 3, "number": 20, "measures": [8.189270134999788, 8.169641202000093, 8.161353647999931]}