{"benchmark": "pyperf_bm_go", "repeat": 3, "number": 20, "measures": [8.057854285999383, 8.029882437999731, 8.038032707999264]}