{"benchmark": "pyperf_bm_go", "repeat": 3, "number": 20, "measures": [8.05427223300012, 8.059104957999807, 8.050521250000202]}