{"benchmark": "pyperf_bm_go", "repeat": 3, "number": 20, "measures": [8.009596685999895, 7.99453455999992, 8.005106893999255]}