{"benchmark": "pyperf_bm_go", "repeat": 3, "number": 20, "measures": [8.037251126000228, 8.029894411999521, 8.010307121999176]}