{"benchmark": "pyperf_bm_go", "repeat": 3, "number": 20, "measures": [8.081305824000083, 8.055537489000017, 8.03578299000037]}