{"benchmark": "pyperf_bm_go", "repeat": 3, "number": 20, "measures": [8.099594776000231, 8.098886665000464, 8.107318376999501]}