{"benchmark": "pyperf_bm_go", "repeat": 3, "number": 20, "measures": [8.085978957999941, 8.083723292000286, 8.064087949000168]}