{"benchmark": "pyperf_bm_go", "repeat": 3, "number": 20, "measures": [8.10483612600001, 8.103649763000249, 8.109313431000373]}