{"benchmark": "pyperf_bm_go", "repeat": 3, "number": 20, "measures": [8.102482367999983, 8.108380218000093, 8.128778547000366]}