{"benchmark": "pyperf_bm_go", "repeat": 3, "number": 20, "measures": [8.12433269200028, 8.104221545000655, 8.118655786999625]}