{"benchmark": "pyperf_bm_go", "repeat": 3, "number": 20, "measures": [8.050248827999894, 8.040211182000348, 8.043229975000031]}