{"benchmark": "pyperf_bm_go", "repeat": 3, "number": 20, "measures": [8.14180467999995, 8.131363660999341, 8.14011658399977]}