{"benchmark": "pyperf_bm_go", "repeat": 3, "number": 20, "measures": [8.15090211200004, 8.146565992999967, 8.134318347999397]}