{"benchmark": "pyperf_bm_go", "repeat": 3, "number": 20, "measures": [8.139147474999845, 8.109487333000288, 8.128056366000237]}