{"benchmark": "pyperf_bm_go", "repeat": 3, "number": 20, "measures": [8.077605606999896, 8.065269640000224, 8.104871706000267]}