{"benchmark": "pyperf_bm_go", "repeat": 3, "number": 20, "measures": [8.126282263000576, 8.103926974999922, 8.107949643000211]}