{"benchmark": "pyperf_bm_go", "repeat": 3, "number": 20, "measures": [8.197808205000001, 8.160781773000053, 8.153746050999871]}