{"benchmark": "pyperf_bm_go", "repeat": 3, "number": 20, "measures": [8.119690392999473, 8.096689578999758, 8.092133279000336]}