{"benchmark": "pyperf_bm_go", "repeat": 3, "number": 20, "measures": [8.089718918000472, 8.071178348000103, 8.076970287000222]}