{"benchmark": "pyperf_bm_go", "repeat": 3, "number": 20, "measures": [8.100757181000517, 8.081092417000036, 8.067797605999658]}