{"benchmark": "pyperf_bm_go", "repeat": 3, "number": 20, "measures": [8.09249958700002, 8.097287134999533, 8.088721907000036]}