{"benchmark": "pyperf_bm_go", "repeat": 3, "number": 20, "measures": [8.091321828000218, 8.065877869999895, 8.073802921000606]}