{"benchmark": "pyperf_bm_go", "repeat": 3, "number": 20, "measures": [8.108699430000343, 8.092149334000169, 8.096526031999929]}