{"benchmark": "pyperf_bm_go", "repeat": 3, "number": 20, "measures": [8.073237917999904, 8.067241087999719, 8.073496068000168]}