{"benchmark": "pyperf_bm_go", "repeat": 3, "number": 20, "measures": [8.148436997999852, 8.074125685000581, 8.068187507000403]}