{"benchmark": "pyperf_bm_go", "repeat": 3, "number": 20, "measures": [8.107770234999407, 8.06946619700011, 8.092435929000203]}