{"benchmark": "pyperf_bm_go", "repeat": 3, "number": 20, "measures": [8.138020314999267, 8.093786469999941, 8.112175061000016]}