{"benchmark": "pyperf_bm_go", "repeat": 3, "number": 20, "measures": [8.010351092999372, 8.003086146999522, 8.009815364000133]}