{"benchmark": "pyperf_bm_go", "repeat": 3, "number": 20, "measures": [8.079537401999914, 8.066741319000357, 8.07246927200049]}