{"benchmark": "pyperf_bm_go", "repeat": 3, "number": 20, "measures": [8.11628612200002, 8.148572121999678, 8.140819682000256]}