{"benchmark": "pyperf_bm_go", "repeat": 3, "number": 20, "measures": [8.08916692999992, 8.083063544000652, 8.102562024999315]}