{"benchmark": "pyperf_bm_go", "repeat": 3, "number": 20, "measures": [8.061611096999513, 8.048748827999589, 8.054144091000126]}