{"benchmark": "pyperf_bm_go", "repeat": 3, "number": 20, "measures": [8.094579106999845, 8.081304040999385, 8.076697043000422]}