{"benchmark": "pyperf_bm_go", "repeat": 3, "number": 20, "measures": [8.230695944000217, 8.181206086000202, 8.210969247999856]}