{"benchmark": "pyperf_bm_go", "repeat": 3, "number": 20, "measures": [8.116661486999874, 8.103478760999678, 8.11107603399978]}