{"benchmark": "pyperf_bm_go", "repeat": 3, "number": 20, "measures": [8.104867375999675, 8.104877751999993, 8.112303399000666]}