{"benchmark": "pyperf_bm_go", "repeat": 3, "number": 20, "measures": [8.128219083000658, 8.125619102999735, 8.126813643999412]}