{"benchmark": "pyperf_bm_go", "repeat": 3, "number": 20, "measures": [8.192347382999287, 8.171206048000386, 8.176420404000055]}