{"benchmark": "pyperf_bm_go", "repeat": 3, "number": 20, "measures": [8.144519645999935, 8.152663382000355, 8.127820988999702]}