{"benchmark": "pyperf_bm_go", "repeat": 3, "number": 20, "measures": [8.112586889999875, 8.100527853999665, 8.082138990999738]}