{"benchmark": "pyperf_bm_go", "repeat": 3, "number": 20, "measures": [8.182281313000203, 8.161955530999876, 8.163148829999955]}