{"benchmark": "pyperf_bm_go", "repeat": 3, "number": 20, "measures": [8.182177201999366, 8.205547818000014, 8.204107575999842]}