{"benchmark": "pyperf_bm_go", "repeat": 3, "number": 20, "measures": [8.073899557000004, 8.065523772000233, 8.059801454999615]}