{"benchmark": "pyperf_bm_go", "repeat": 3, "number": 20, "measures": [8.095900456999516, 8.084728894000364, 8.084061706000284]}