{"benchmark": "pyperf_bm_go", "repeat": 3, "number": 20, "measures": [8.078282075000061, 8.05221278999943, 8.059040186000857]}