{"benchmark": "pyperf_bm_go", "repeat": 3, "number": 20, "measures": [8.172323155999948, 8.181448416000421, 8.183545547999529]}