{"benchmark": "pyperf_bm_go", "repeat": 3, "number": 20, "measures": [8.08192779700039, 8.048351669999647, 8.065719157000785]}