{"benchmark": "pyperf_bm_go", "repeat": 3, "number": 20, "measures": [8.074040258999958, 8.051743394000368, 8.065438528999948]}