{"benchmark": "pyperf_bm_go", "repeat": 3, "number": 20, "measures": [8.101765059999707, 8.1034556780005, 8.126900417999423]}