{"benchmark": "pyperf_bm_go", "repeat": 3, "number": 20, "measures": [8.070359984999413, 8.022414705000301, 8.047218466000231]}