{"benchmark": "pyperf_bm_go", "repeat": 3, "number": 20, "measures": [8.10522947499976, 8.157492719999937, 8.121246687999701]}