{"benchmark": "pyperf_bm_go", "repeat": 3, "number": 20, "measures": [8.142365400000017, 8.120237728000575, 8.117526312999871]}