{"benchmark": "pyperf_bm_go", "repeat": 3, "number": 20, "measures": [8.149317268000232, 8.104667956999947, 8.120983974999945]}