{"benchmark": "pyperf_bm_go", "repeat": 3, "number": 20, "measures": [8.046790903999863, 8.036510836999696, 8.048977651999849]}