{"benchmark": "pyperf_bm_go", "repeat": 3, "number": 20, "measures": [8.031640345000596, 8.01426392400026, 8.038165313999343]}