{"benchmark": "pyperf_bm_go", "repeat": 3, "number": 20, "measures": [8.08447856299972, 8.08072982199974, 8.080520940000497]}