{"benchmark": "pyperf_bm_go", "repeat": 3, "number": 20, "measures": [8.133577405000324, 8.10488607499974, 8.112502031000076]}