{"benchmark": "pyperf_bm_go", "repeat": 3, "number": 20, "measures": [8.086146614999961, 8.065324862000125, 8.07689628099979]}