{"benchmark": "pyperf_bm_go", "repeat": 3, "number": 20, "measures": [8.224347336999926, 8.20793972499996, 8.19481151799937]}