{"benchmark": "pyperf_bm_go", "repeat": 3, "number": 20, "measures": [8.079446648000157, 8.084507595000105, 8.109265162000156]}