{"benchmark": "pyperf_bm_go", "repeat": 3, "number": 20, "measures": [8.077176893999422, 8.058747542000674, 8.064408185000502]}