{"benchmark": "pyperf_bm_go", "repeat": 3, "number": 20, "measures": [8.058614741999918, 8.034762715999932, 8.048742637000032]}