{"benchmark": "pyperf_bm_go", "repeat": 3, "number": 20, "measures": [8.11551383799997, 8.087423578999733, 8.085724210999615]}