{"benchmark": "pyperf_bm_go", "repeat": 3, "number": 20, "measures": [8.149040555999818, 8.121191790000012, 8.111972974999844]}