{"benchmark": "pyperf_bm_go", "repeat": 3, "number": 20, "measures": [8.148411441000462, 8.135264989000461, 8.138614954000332]}