{"benchmark": "pyperf_bm_go", "repeat": 3, "number": 20, "measures": [8.09716603600009, 8.06079279200003, 8.071305385999949]}