{"benchmark": "pyperf_bm_go", "repeat": 3, "number": 20, "measures": [8.135206191999714, 8.083275507000508, 8.093500263999886]}