{"benchmark": "pyperf_bm_go", "repeat": 3, "number": 20, "measures": [8.113909853999758, 8.09816198399949, 8.114212439999392]}