{"benchmark": "pyperf_bm_go", "repeat": 3, "number": 20, "measures": [8.123869179999929, 8.11948706000021, 8.127291669999977]}