{"benchmark": "pyperf_bm_go", "repeat": 3, "number": 20, "measures": [8.441065394999896, 8.437898815000153, 8.43241692400079]}