{"benchmark": "pyperf_bm_go", "repeat": 3, "number": 20, "measures": [8.155896856000254, 8.182723107999664, 8.1880601820003]}