{"benchmark": "pyperf_bm_go", "repeat": 3, "number": 20, "measures": [8.154828878000444, 8.156155238000792, 8.157364389999202]}