{"benchmark": "pyperf_bm_go", "repeat": 3, "number": 20, "measures": [8.197784476999914, 8.160408824000115, 8.166766170999836]}