{"benchmark": "pyperf_bm_go", "repeat": 3, "number": 20, "measures": [8.114886574999218, 8.083723245000328, 8.089025803999903]}