{"benchmark": "pyperf_bm_go", "repeat": 3, "number": 20, "measures": [8.123034627999914, 8.076609419000306, 8.082327537999845]}