{"benchmark": "pyperf_bm_go", "repeat": 3, "number": 20, "measures": [8.223903140000402, 8.190562361999582, 8.208695619000537]}