{"benchmark": "pyperf_bm_go", "repeat": 3, "number": 20, "measures": [8.132098175000465, 8.103985605000162, 8.108067792999464]}