{"benchmark": "pyperf_bm_go", "repeat": 3, "number": 20, "measures": [8.151503945000513, 8.127529303000301, 8.12057147700034]}