{"benchmark": "pyperf_bm_go", "repeat": 3, "number": 20, "measures": [8.047288892000324, 8.045450272999915, 8.059209960000771]}