{"benchmark": "pyperf_bm_go", "repeat": 3, "number": 20, "measures": [8.143234375000247, 8.135053177000373, 8.119071068999801]}