{"benchmark": "pyperf_bm_go", "repeat": 3, "number": 20, "measures": [8.079564396000023, 8.065016429000025, 8.062206352999965]}