{"benchmark": "pyperf_bm_go", "repeat": 3, "number": 20, "measures": [8.148265975999493, 8.097706144999393, 8.111750640999162]}