{"benchmark": "pyperf_bm_go", "repeat": 3, "number": 20, "measures": [8.084109506999994, 8.08282372099984, 8.136663532000057]}