{"benchmark": "pyperf_bm_go", "repeat": 3, "number": 20, "measures": [8.11287304399957, 8.091058695000356, 8.092709812000066]}