{"benchmark": "pyperf_bm_go", "repeat": 3, "number": 20, "measures": [8.034799389999534, 8.018372895999164, 8.023750239999572]}