{"benchmark": "pyperf_bm_go", "repeat": 3, "number": 20, "measures": [8.064848693000386, 8.044270467999922, 8.059382323999671]}