{"benchmark": "pyperf_bm_go", "repeat": 3, "number": 20, "measures": [8.088621315000637, 8.06888895999964, 8.067285463999724]}