{"benchmark": "pyperf_bm_go", "repeat": 3, "number": 20, "measures": [8.106481949000226, 8.087549175000277, 8.090209797999705]}