{"benchmark": "pyperf_bm_go", "repeat": 3, "number": 20, "measures": [8.04928133500016, 8.043021319999752, 8.054243377000603]}