{"benchmark": "pyperf_bm_go", "repeat": 3, "number": 20, "measures": [8.112823999999819, 8.102194924000287, 8.108780057000331]}