{"benchmark": "pyperf_bm_go", "repeat": 3, "number": 20, "measures": [8.115808939999624, 8.085738501999913, 8.105275385999448]}