{"benchmark": "pyperf_bm_go", "repeat": 3, "number": 20, "measures": [8.139425970999582, 8.131394572999852, 8.143132864000108]}