{"benchmark": "pyperf_bm_go", "repeat": 3, "number": 20, "measures": [8.065167583000402, 8.046738396000364, 8.06898720999925]}