{"benchmark": "pyperf_bm_go", "repeat": 3, "number": 20, "measures": [8.045149894000133, 8.035471285999847, 8.032052761999694]}