{"benchmark": "pyperf_bm_go", "repeat": 3, "number": 20, "measures": [8.136204401999748, 8.069986223000342, 8.082089778000409]}