{"benchmark": "pyperf_bm_go", "repeat": 3, "number": 20, "measures": [8.130208040999605, 8.116695629000787, 8.133588243999839]}