{"benchmark": "pyperf_bm_go", "repeat": 3, "number": 20, "measures": [8.098074374000134, 8.049137621000227, 8.065490132999912]}