{"benchmark": "pyperf_bm_go", "repeat": 3, "number": 20, "measures": [8.192452872999638, 8.15720890600005, 8.15906184799951]}