{"benchmark": "pyperf_bm_go", "repeat": 3, "number": 20, "measures": [8.169656738000413, 8.160958215000392, 8.176743119000093]}