{"benchmark": "pyperf_bm_go", "repeat": 3, "number": 20, "measures": [8.135066668000036, 8.121886039999481, 8.109109398000328]}