{"benchmark": "pyperf_bm_go", "repeat": 3, "number": 20, "measures": [8.136010818000614, 8.068747955000617, 8.070476635999512]}