{"benchmark": "pyperf_bm_go", "repeat": 3, "number": 20, "measures": [8.13778499700038, 8.120426618999772, 8.109228858999813]}