{"benchmark": "pyperf_bm_go", "repeat": 3, "number": 20, "measures": [8.15552634100004, 8.118292944000132, 8.139080161000493]}