{"benchmark": "pyperf_bm_go", "repeat": 3, "number": 20, "measures": [8.152640473999782, 8.126246597000318, 8.124626269000146]}