{"benchmark": "pyperf_bm_go", "repeat": 3, "number": 20, "measures": [8.082122894999884, 8.083120585999495, 8.07838160999927]}