{"benchmark": "pyperf_bm_go", "repeat": 3, "number": 20, "measures": [8.096587379000084, 8.080124232999879, 8.082645278999735]}