{"benchmark": "pyperf_bm_go", "repeat": 3, "number": 20, "measures": [8.218607482000152, 8.193501005999678, 8.19080122000014]}