{"benchmark": "pyperf_bm_go", "repeat": 3, "number": 20, "measures": [8.078809096000441, 8.045042430000649, 8.07820996800001]}