{"benchmark": "pyperf_bm_go", "repeat": 3, "number": 20, "measures": [8.096102102999794, 8.099269848999938, 8.086620431000483]}