{"benchmark": "pyperf_bm_go", "repeat": 3, "number": 20, "measures": [8.111731426000006, 8.103210497999498, 8.108933350999905]}