{"benchmark": "pyperf_bm_go", "repeat": 3, "number": 20, "measures": [8.102030975000162, 8.099723532000098, 8.068644707999738]}