{"benchmark": "pyperf_bm_go", "repeat": 3, "number": 20, "measures": [8.08889129399995, 8.082724323000548, 8.093502359000013]}