{"benchmark": "pyperf_bm_go", "repeat": 3, "number": 20, "measures": [8.126428128000043, 8.132237646999783, 8.127048630999525]}