{"benchmark": "pyperf_bm_go", "repeat": 3, "number": 20, "measures": [8.09513551300006, 8.069895034999718, 8.074249207000321]}