{"benchmark": "pyperf_bm_go", "repeat": 3, "number": 20, "measures": [8.096090387000004, 8.091986501000065, 8.080875096000455]}