{"benchmark": "pyperf_bm_go", "repeat": 3, "number": 20, "measures": [8.13387965399943, 8.089799248999952, 8.093784617999518]}