{"benchmark": "pyperf_bm_go", "repeat": 3, "number": 20, "measures": [8.122465690000354, 8.108040713999799, 8.098218123000152]}