{"benchmark": "pyperf_bm_go", "repeat": 3, "number": 20, "measures": [8.137597095999809, 8.141851985999892, 8.12714530500034]}