{"benchmark": "pyperf_bm_go", "repeat": 3, "number": 20, "measures": [8.09888135500023, 8.088337129999672, 8.093152242000542]}