{"benchmark": "pyperf_bm_go", "repeat": 3, "number": 20, "measures": [8.066269001000364, 8.060004764999576, 8.056531256999733]}