{"benchmark": "pyperf_bm_go", "repeat": 3, "number": 20, "measures": [8.151342629000283, 8.14810924700032, 8.166405525999835]}