{"benchmark": "pyperf_bm_go", "repeat": 3, "number": 20, "measures": [8.141597591999925, 8.11600573999931, 8.170145708999371]}