{"benchmark": "pyperf_bm_go", "repeat": 3, "number": 20, "measures": [8.077015885999572, 8.103227364000304, 8.080244624000443]}