{"benchmark": "pyperf_bm_go", "repeat": 3, "number": 20, "measures": [8.124465097999746, 8.111740934000409, 8.115064325000276]}