{"benchmark": "pyperf_bm_go", "repeat": 3, "number": 20, "measures": [8.182807511999272, 8.199258921999899, 8.19439432299987]}