{"benchmark": "pyperf_bm_go", "repeat": 3, "number": 20, "measures": [8.096896270000798, 8.072828223000215, 8.058077876000425]}