{"benchmark": "pyperf_bm_go", "repeat": 3, "number": 20, "measures": [8.106929304000005, 8.086381388000518, 8.089722495999922]}