{"benchmark": "pyperf_bm_go", "repeat": 3, "number": 20, "measures": [8.081393877000664, 8.064209773000584, 8.089732367000579]}