{"benchmark": "pyperf_bm_go", "repeat": 3, "number": 20, "measures": [8.074159348000649, 8.072731839999506, 8.06339480600036]}