{"benchmark": "pyperf_bm_go", "repeat": 3, "number": 20, "measures": [8.148844503999499, 8.13975897399996, 8.133469565999803]}