{"benchmark": "pyperf_bm_go", "repeat": 3, "number": 20, "measures": [8.087004218999937, 8.038446400999419, 8.063637283999924]}