{"benchmark": "pyperf_bm_go", "repeat": 3, "number": 20, "measures": [8.062829823000357, 8.052532517000145, 8.061936271999912]}