{"benchmark": "pyperf_bm_go", "repeat": 3, "number": 20, "measures": [8.111056740000095, 8.116405579999991, 8.109128531000351]}