{"benchmark": "pyperf_bm_go", "repeat": 3, "number": 20, "measures": [8.141425017999609, 8.128495762000057, 8.12363356700007]}