{"benchmark": "pyperf_bm_go", "repeat": 3, "number": 20, "measures": [8.051683827000488, 8.038102518000414, 8.046311113999764]}