{"benchmark": "pyperf_bm_go", "repeat": 3, "number": 20, "measures": [8.072167263000665, 8.07677745700039, 8.081638376999763]}